{"token": "ya29.A0ARrdaM-DMV4vkxf28I-w7pYIPOr5kkUZPwLz8GoVX_vq6j8IxAorEiQRWozhdFWMY_kctyEQs2G3vguEBP11dBbZU_Bya08Va1w-fDv9McqM7svPt2bZbTCtTy7CHH-aSxr5s78mh6lM5bZ3UpVwi1l2PwKG-Q", "refresh_token": "1//0g_R4ilTqqyGiCgYIARAAGBASNwF-L9IrfrFeOaYxnUAeVbY8jsBZVFdUPIx_SfuZfvsvoWk9zj4xO4YN0pVeUMEHQcKu2fjblSQ", "token_uri": "https://oauth2.googleapis.com/token", "client_id": "595199764235-tqnseesc1b3l8gqru4dthhecu32br8v6.apps.googleusercontent.com", "client_secret": "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", "scopes": ["https://www.googleapis.com/auth/gmail.readonly"], "expiry": "2022-04-08T09:41:24.033785Z"}